{
  "run_id": "sprint4_mlmonly_sweep",
  "model_dir": "/home/nick/Projects/fppc-tuned-embeddings/data/models/snowflake_fppc_mlm",
  "sem_npy": "/home/nick/Projects/fppc-tuned-embeddings/data/indexes/corpus_embeddings_sprint4_mlmonly_qa_text.npy",
  "query_prefix": "query: ",
  "n_queries": 65,
  "trials": [
    {
      "label": "w0.30_cb1.5",
      "w_bm25": 0.7,
      "w_sem": 0.3,
      "cb_threshold": 1.5,
      "w_sem_by_type": null,
      "semantic_only_path": false,
      "elapsed_seconds": 7.388074159622192,
      "overall": {
        "mrr": 0.6581815114709851,
        "ndcg@5": 0.36761003382080176,
        "ndcg@10": 0.32842657585358187,
        "precision@5": 0.32923076923076927,
        "precision@10": 0.24615384615384617,
        "recall@10": 0.19177648344616668,
        "recall@20": 0.2643426799444899
      },
      "by_type": {
        "keyword": {
          "mrr": 0.505229419703104,
          "ndcg@5": 0.29811415858353374,
          "ndcg@10": 0.279500809710357,
          "precision@5": 0.3076923076923077,
          "precision@10": 0.2423076923076923,
          "recall@10": 0.19042180042180043,
          "recall@20": 0.2692152719075796
        },
        "natural_language": {
          "mrr": 0.6960227272727273,
          "ndcg@5": 0.39600753470003086,
          "ndcg@10": 0.34788386546622035,
          "precision@5": 0.34545454545454546,
          "precision@10": 0.2545454545454545,
          "recall@10": 0.19454518298101187,
          "recall@20": 0.2829495370939221
        },
        "fact_pattern": {
          "mrr": 0.8431372549019608,
          "ndcg@5": 0.43714813598703295,
          "ndcg@10": 0.3780741963386288,
          "precision@5": 0.3411764705882353,
          "precision@10": 0.24117647058823533,
          "recall@10": 0.19026532867363316,
          "recall@20": 0.2328110182781463
        }
      },
      "by_topic": {
        "conflicts_of_interest": {
          "mrr": 0.36029189352692076,
          "ndcg@5": 0.17374894350827347,
          "ndcg@10": 0.14264525005744744,
          "precision@5": 0.13793103448275862,
          "precision@10": 0.08620689655172414,
          "recall@10": 0.06395561166352241,
          "recall@20": 0.08613291205076196
        },
        "campaign_finance": {
          "mrr": 0.880952380952381,
          "ndcg@5": 0.5524592597311722,
          "ndcg@10": 0.49031810408387216,
          "precision@5": 0.5,
          "precision@10": 0.38571428571428573,
          "recall@10": 0.29153039420896565,
          "recall@20": 0.45850726654298085
        },
        "gifts_honoraria": {
          "mrr": 1.0,
          "ndcg@5": 0.5523216292736264,
          "ndcg@10": 0.5384537117958959,
          "precision@5": 0.5428571428571429,
          "precision@10": 0.4714285714285714,
          "recall@10": 0.35521799628942485,
          "recall@20": 0.4411873840445269
        },
        "lobbying": {
          "mrr": 0.9,
          "ndcg@5": 0.5887609247342034,
          "ndcg@10": 0.5716673181907583,
          "precision@5": 0.56,
          "precision@10": 0.45999999999999996,
          "recall@10": 0.37203463203463205,
          "recall@20": 0.514025974025974
        },
        "other": {
          "mrr": 0.85,
          "ndcg@5": 0.4311447171789372,
          "ndcg@10": 0.37190491481175714,
          "precision@5": 0.38,
          "precision@10": 0.25,
          "recall@10": 0.21826340326340327,
          "recall@20": 0.2606876456876457
        }
      },
      "path_breakdown": {
        "fusion": 36,
        "bm25_only_noncite": 29
      }
    },
    {
      "label": "w0.40_cb1.5",
      "w_bm25": 0.6,
      "w_sem": 0.4,
      "cb_threshold": 1.5,
      "w_sem_by_type": null,
      "semantic_only_path": false,
      "elapsed_seconds": 7.345967531204224,
      "overall": {
        "mrr": 0.6685897435897437,
        "ndcg@5": 0.3672387952522182,
        "ndcg@10": 0.33357330509059735,
        "precision@5": 0.3261538461538461,
        "precision@10": 0.25538461538461543,
        "recall@10": 0.1987788144484977,
        "recall@20": 0.2632062522696007
      },
      "by_type": {
        "keyword": {
          "mrr": 0.53125,
          "ndcg@5": 0.3029077005645898,
          "ndcg@10": 0.2916067195384574,
          "precision@5": 0.3076923076923077,
          "precision@10": 0.26153846153846155,
          "recall@10": 0.20389320081627774,
          "recall@20": 0.27674940444171214
        },
        "natural_language": {
          "mrr": 0.6960227272727273,
          "ndcg@5": 0.38924559840614936,
          "ndcg@10": 0.3489048141986514,
          "precision@5": 0.33636363636363636,
          "precision@10": 0.2590909090909091,
          "recall@10": 0.19931314229442573,
          "recall@20": 0.27377121541560046
        },
        "fact_pattern": {
          "mrr": 0.8431372549019608,
          "ndcg@5": 0.43714813598703295,
          "ndcg@10": 0.3779167182658001,
          "precision@5": 0.3411764705882353,
          "precision@10": 0.24117647058823533,
          "recall@10": 0.19026532867363316,
          "recall@20": 0.228820890758607
        }
      },
      "by_topic": {
        "conflicts_of_interest": {
          "mrr": 0.3692528735632184,
          "ndcg@5": 0.17467475872015864,
          "ndcg@10": 0.14581772926005362,
          "precision@5": 0.13793103448275862,
          "precision@10": 0.09310344827586207,
          "recall@10": 0.0682084852267408,
          "recall@20": 0.08770031016988421
        },
        "campaign_finance": {
          "mrr": 0.875,
          "ndcg@5": 0.5530079602262591,
          "ndcg@10": 0.4977026744766088,
          "precision@5": 0.5,
          "precision@10": 0.39999999999999997,
          "recall@10": 0.3045174071959786,
          "recall@20": 0.4365604633461776
        },
        "gifts_honoraria": {
          "mrr": 1.0,
          "ndcg@5": 0.5369368685995921,
          "ndcg@10": 0.5381645625015266,
          "precision@5": 0.5142857142857143,
          "precision@10": 0.4714285714285714,
          "recall@10": 0.35521799628942485,
          "recall@20": 0.45266697588126154
        },
        "lobbying": {
          "mrr": 0.9,
          "ndcg@5": 0.5843019430350941,
          "ndcg@10": 0.5752628121392991,
          "precision@5": 0.56,
          "precision@10": 0.48,
          "recall@10": 0.38536796536796536,
          "recall@20": 0.5158441558441559
        },
        "other": {
          "mrr": 0.9,
          "ndcg@5": 0.43827744499693405,
          "ndcg@10": 0.38422472414675646,
          "precision@5": 0.38,
          "precision@10": 0.26,
          "recall@10": 0.2265967365967366,
          "recall@20": 0.27053613053613057
        }
      },
      "path_breakdown": {
        "fusion": 36,
        "bm25_only_noncite": 29
      }
    }
  ]
}