{
  "run_id": "sprint5b_f2_sweep",
  "model_dir": "/home/nick/Projects/fppc-tuned-embeddings/data/models/s3-f2-lora-r16-lr1e5",
  "sem_npy": "/home/nick/Projects/fppc-tuned-embeddings/data/indexes/corpus_embeddings_sprint3_s3-f2-lora-r16-lr1e5_qa_text.npy",
  "query_prefix": "query: ",
  "n_queries": 65,
  "trials": [
    {
      "label": "w0.30_cb1.3",
      "w_bm25": 0.7,
      "w_sem": 0.3,
      "cb_threshold": 1.3,
      "elapsed_seconds": 8.415780782699585,
      "overall": {
        "mrr": 0.6739102564102564,
        "ndcg@5": 0.3792245493441554,
        "ndcg@10": 0.3407479858521411,
        "precision@5": 0.3261538461538461,
        "precision@10": 0.2507692307692308,
        "recall@10": 0.19486102710763345,
        "recall@20": 0.26778609123405506
      },
      "by_type": {
        "keyword": {
          "mrr": 0.5253205128205128,
          "ndcg@5": 0.31987455436624124,
          "ndcg@10": 0.29209597130748394,
          "precision@5": 0.3076923076923077,
          "precision@10": 0.23846153846153847,
          "recall@10": 0.1875528744759514,
          "recall@20": 0.28259787221325683
        },
        "natural_language": {
          "mrr": 0.71875,
          "ndcg@5": 0.41228280922595134,
          "ndcg@10": 0.3658649339569605,
          "precision@5": 0.34545454545454546,
          "precision@10": 0.2590909090909091,
          "recall@10": 0.19802181998037616,
          "recall@20": 0.2633214379203684
        },
        "fact_pattern": {
          "mrr": 0.8431372549019608,
          "ndcg@5": 0.4272138524045235,
          "ndcg@10": 0.3826526634906739,
          "precision@5": 0.3294117647058824,
          "precision@10": 0.25882352941176473,
          "recall@10": 0.20194776388548014,
          "recall@20": 0.25091056578945853
        }
      },
      "by_topic": {
        "conflicts_of_interest": {
          "mrr": 0.3610632183908046,
          "ndcg@5": 0.1721799362060997,
          "ndcg@10": 0.14893749470959908,
          "precision@5": 0.1310344827586207,
          "precision@10": 0.09310344827586207,
          "recall@10": 0.07022520414001145,
          "recall@20": 0.09352058185222485
        },
        "campaign_finance": {
          "mrr": 0.9523809523809524,
          "ndcg@5": 0.5881016379890002,
          "ndcg@10": 0.5364083677502656,
          "precision@5": 0.5142857142857143,
          "precision@10": 0.41428571428571426,
          "recall@10": 0.31653663796520937,
          "recall@20": 0.4566306709163852
        },
        "gifts_honoraria": {
          "mrr": 1.0,
          "ndcg@5": 0.5912697067309115,
          "ndcg@10": 0.5767618975200378,
          "precision@5": 0.5428571428571429,
          "precision@10": 0.5,
          "recall@10": 0.3730751391465677,
          "recall@20": 0.47103432282003715
        },
        "lobbying": {
          "mrr": 0.9,
          "ndcg@5": 0.5560098828799893,
          "ndcg@10": 0.5285627160320235,
          "precision@5": 0.52,
          "precision@10": 0.42000000000000004,
          "recall@10": 0.332034632034632,
          "recall@20": 0.514025974025974
        },
        "other": {
          "mrr": 0.85,
          "ndcg@5": 0.4504017264030879,
          "ndcg@10": 0.3639567722506697,
          "precision@5": 0.38,
          "precision@10": 0.22000000000000003,
          "recall@10": 0.1926223776223776,
          "recall@20": 0.24337995337995338
        }
      },
      "path_breakdown": {
        "fusion": 30,
        "bm25_only_noncite": 29,
        "cb_fired": 6
      }
    },
    {
      "label": "w0.40_cb1.3",
      "w_bm25": 0.6,
      "w_sem": 0.4,
      "cb_threshold": 1.3,
      "elapsed_seconds": 8.426891326904297,
      "overall": {
        "mrr": 0.6713461538461539,
        "ndcg@5": 0.38116681962949495,
        "ndcg@10": 0.3437389070601547,
        "precision@5": 0.32923076923076927,
        "precision@10": 0.25538461538461543,
        "recall@10": 0.19892235039972594,
        "recall@20": 0.27039963580913806
      },
      "by_type": {
        "keyword": {
          "mrr": 0.5189102564102565,
          "ndcg@5": 0.323254267574803,
          "ndcg@10": 0.299706352200113,
          "precision@5": 0.31538461538461543,
          "precision@10": 0.25384615384615383,
          "recall@10": 0.20066476258783952,
          "recall@20": 0.2891485437639284
        },
        "natural_language": {
          "mrr": 0.71875,
          "ndcg@5": 0.4133515252620468,
          "ndcg@10": 0.36554400959211775,
          "precision@5": 0.34545454545454546,
          "precision@10": 0.2545454545454545,
          "recall@10": 0.1945253164838726,
          "recall@20": 0.2633015714232292
        },
        "fact_pattern": {
          "mrr": 0.8431372549019608,
          "ndcg@5": 0.4280881625416037,
          "ndcg@10": 0.3828644465106191,
          "precision@5": 0.3294117647058824,
          "precision@10": 0.25882352941176473,
          "recall@10": 0.20194776388548014,
          "recall@20": 0.25091056578945853
        }
      },
      "by_topic": {
        "conflicts_of_interest": {
          "mrr": 0.369683908045977,
          "ndcg@5": 0.17753442057599914,
          "ndcg@10": 0.15181049570064345,
          "precision@5": 0.13793103448275862,
          "precision@10": 0.09310344827586207,
          "recall@10": 0.06996397112015773,
          "recall@20": 0.09501483472578807
        },
        "campaign_finance": {
          "mrr": 0.9523809523809524,
          "ndcg@5": 0.5902249626076237,
          "ndcg@10": 0.5379791510115886,
          "precision@5": 0.5142857142857143,
          "precision@10": 0.41428571428571426,
          "recall@10": 0.3175356389642104,
          "recall@20": 0.4561034203891347
        },
        "gifts_honoraria": {
          "mrr": 1.0,
          "ndcg@5": 0.5978601950142854,
          "ndcg@10": 0.5793369926945843,
          "precision@5": 0.5428571428571429,
          "precision@10": 0.5,
          "recall@10": 0.3730751391465677,
          "recall@20": 0.49016697588126157
        },
        "lobbying": {
          "mrr": 0.9,
          "ndcg@5": 0.5560098828799893,
          "ndcg@10": 0.543995930884774,
          "precision@5": 0.52,
          "precision@10": 0.44000000000000006,
          "recall@10": 0.3502164502164502,
          "recall@20": 0.514025974025974
        },
        "other": {
          "mrr": 0.8083333333333333,
          "ndcg@5": 0.4399124823206521,
          "ndcg@10": 0.3633477866143192,
          "precision@5": 0.38,
          "precision@10": 0.24,
          "recall@10": 0.20928904428904427,
          "recall@20": 0.24337995337995338
        }
      },
      "path_breakdown": {
        "fusion": 30,
        "bm25_only_noncite": 29,
        "cb_fired": 6
      }
    },
    {
      "label": "w0.50_cb1.3",
      "w_bm25": 0.5,
      "w_sem": 0.5,
      "cb_threshold": 1.3,
      "elapsed_seconds": 7.913340330123901,
      "overall": {
        "mrr": 0.6720130359836242,
        "ndcg@5": 0.37679045542237743,
        "ndcg@10": 0.34093307631658465,
        "precision@5": 0.3261538461538461,
        "precision@10": 0.2523076923076923,
        "recall@10": 0.19569779717517274,
        "recall@20": 0.27401268942219165
      },
      "by_type": {
        "keyword": {
          "mrr": 0.5205774617539324,
          "ndcg@5": 0.31178843441475834,
          "ndcg@10": 0.29247638618618516,
          "precision@5": 0.3076923076923077,
          "precision@10": 0.24615384615384617,
          "recall@10": 0.19260337952645645,
          "recall@20": 0.29414675068521223
        },
        "natural_language": {
          "mrr": 0.71875,
          "ndcg@5": 0.41228280922595134,
          "ndcg@10": 0.3644541551453005,
          "precision@5": 0.34545454545454546,
          "precision@10": 0.2545454545454545,
          "recall@10": 0.1945253164838726,
          "recall@20": 0.26393729933168436
        },
        "fact_pattern": {
          "mrr": 0.8431372549019608,
          "ndcg@5": 0.43027402968822864,