{
  "run_id": "sprint5b_f2_cb15",
  "model_dir": "/home/nick/Projects/fppc-tuned-embeddings/data/models/s3-f2-lora-r16-lr1e5",
  "sem_npy": "/home/nick/Projects/fppc-tuned-embeddings/data/indexes/corpus_embeddings_sprint3_s3-f2-lora-r16-lr1e5_qa_text.npy",
  "query_prefix": "query: ",
  "n_queries": 65,
  "trials": [
    {
      "label": "w0.30_cb1.5",
      "w_bm25": 0.7,
      "w_sem": 0.3,
      "cb_threshold": 1.5,
      "elapsed_seconds": 7.694800853729248,
      "overall": {
        "mrr": 0.6739102564102564,
        "ndcg@5": 0.38791491835354,
        "ndcg@10": 0.3426837124700762,
        "precision@5": 0.3353846153846154,
        "precision@10": 0.2476923076923077,
        "recall@10": 0.19364800935615414,
        "recall@20": 0.2675641977429308
      },
      "by_type": {
        "keyword": {
          "mrr": 0.5253205128205128,
          "ndcg@5": 0.3246086620769951,
          "ndcg@10": 0.2937752985924035,
          "precision@5": 0.31538461538461543,
          "precision@10": 0.23846153846153847,
          "recall@10": 0.1875528744759514,
          "recall@20": 0.278751718367103
        },
        "natural_language": {
          "mrr": 0.71875,
          "ndcg@5": 0.41228280922595134,
          "ndcg@10": 0.36045353802136465,
          "precision@5": 0.34545454545454546,
          "precision@10": 0.25,
          "recall@10": 0.19234000179855795,
          "recall@20": 0.2661623470112775
        },
        "fact_pattern": {
          "mrr": 0.8431372549019608,
          "ndcg@5": 0.45320133388278205,
          "ndcg@10": 0.39448857121661396,
          "precision@5": 0.35294117647058826,
          "precision@10": 0.25882352941176473,
          "recall@10": 0.204662696012177,
          "recall@20": 0.252268031852807
        }
      },
      "by_topic": {
        "conflicts_of_interest": {
          "mrr": 0.3610632183908046,
          "ndcg@5": 0.1721799362060997,
          "ndcg@10": 0.14893749470959908,
          "precision@5": 0.1310344827586207,
          "precision@10": 0.09310344827586207,
          "recall@10": 0.07022520414001145,
          "recall@20": 0.09352058185222485
        },
        "campaign_finance": {
          "mrr": 0.9523809523809524,
          "ndcg@5": 0.5955286068376172,
          "ndcg@10": 0.523564646984191,
          "precision@5": 0.5142857142857143,
          "precision@10": 0.38571428571428573,
          "recall@10": 0.296619055547627,
          "recall@20": 0.45560045113616543
        },
        "gifts_honoraria": {
          "mrr": 1.0,
          "ndcg@5": 0.6095146551086269,
          "ndcg@10": 0.5835120981017511,
          "precision@5": 0.5714285714285714,
          "precision@10": 0.5,
          "recall@10": 0.3730751391465677,
          "recall@20": 0.4567486085343228
        },
        "lobbying": {
          "mrr": 0.9,
          "ndcg@5": 0.6235718071299411,
          "ndcg@10": 0.5809570783286065,
          "precision@5": 0.6,
          "precision@10": 0.45999999999999996,
          "recall@10": 0.37203463203463205,
          "recall@20": 0.5340259740259741
        },
        "other": {
          "mrr": 0.85,
          "ndcg@5": 0.44993894258664724,
          "ndcg@10": 0.3635978827842613,
          "precision@5": 0.38,
          "precision@10": 0.22000000000000003,
          "recall@10": 0.1926223776223776,
          "recall@20": 0.24337995337995338
        }
      },
      "path_breakdown": {
        "fusion": 36,
        "bm25_only_noncite": 29
      }
    },
    {
      "label": "w0.35_cb1.5",
      "w_bm25": 0.65,
      "w_sem": 0.35,
      "cb_threshold": 1.5,
      "elapsed_seconds": 7.202256202697754,
      "overall": {
        "mrr": 0.6737179487179487,
        "ndcg@5": 0.38721302594744345,
        "ndcg@10": 0.34389396818833873,
        "precision@5": 0.3353846153846154,
        "precision@10": 0.2476923076923077,
        "recall@10": 0.19356347850239253,
        "recall@20": 0.27177742468692695
      },
      "by_type": {
        "keyword": {
          "mrr": 0.5248397435897436,
          "ndcg@5": 0.32285393106175386,
          "ndcg@10": 0.29948366515386565,
          "precision@5": 0.31538461538461543,
          "precision@10": 0.24615384615384617,
          "recall@10": 0.19379663071970762,
          "recall@20": 0.28284651246189707
        },
        "natural_language": {
          "mrr": 0.71875,
          "ndcg@5": 0.41228280922595134,
          "ndcg@10": 0.3591625980595791,
          "precision@5": 0.34545454545454546,
          "precision@10": 0.24545454545454548,
          "recall@10": 0.18884349830205444,
          "recall@20": 0.2696389840106418
        },
        "fact_pattern": {
          "mrr": 0.8431372549019608,
          "ndcg@5": 0.45320133388278205,
          "ndcg@10": 0.39205620476063346,
          "precision@5": 0.35294117647058826,
          "precision@10": 0.2529411764705882,
          "recall@10": 0.19931510242928926,
          "recall@20": 0.25761562543569466
        }
      },
      "by_topic": {
        "conflicts_of_interest": {
          "mrr": 0.36637931034482757,
          "ndcg@5": 0.17269246283818124,
          "ndcg@10": 0.14851889792016862,
          "precision@5": 0.1310344827586207,
          "precision@10": 0.0896551724137931,
          "recall@10": 0.06709040790176693,
          "recall@20": 0.09501483472578807
        },
        "campaign_finance": {
          "mrr": 0.9523809523809524,
          "ndcg@5": 0.5938491959237527,
          "ndcg@10": 0.5199621699135,
          "precision@5": 0.5142857142857143,
          "precision@10": 0.37857142857142856,
          "recall@10": 0.2911245500531215,
          "recall@20": 0.4715254983112126
        },
        "gifts_honoraria": {
          "mrr": 1.0,
          "ndcg@5": 0.6095146551086269,
          "ndcg@10": 0.5968989424973286,
          "precision@5": 0.5714285714285714,
          "precision@10": 0.5142857142857143,
          "recall@10": 0.3832792207792208,
          "recall@20": 0.4567486085343228
        },
        "lobbying": {
          "mrr": 0.9,
          "ndcg@5": 0.6235718071299411,
          "ndcg@10": 0.596390293181357,
          "precision@5": 0.6,
          "precision@10": 0.48,
          "recall@10": 0.39021645021645024,
          "recall@20": 0.5340259740259741
        },
        "other": {
          "mrr": 0.8333333333333334,
          "ndcg@5": 0.4462414899933935,
          "ndcg@10": 0.3606345450380041,
          "precision@5": 0.38,
          "precision@10": 0.22000000000000003,
          "recall@10": 0.1926223776223776,
          "recall@20": 0.24413752913752912
        }
      },
      "path_breakdown": {
        "fusion": 36,
        "bm25_only_noncite": 29
      }
    },
    {
      "label": "w0.40_cb1.5",
      "w_bm25": 0.6,
      "w_sem": 0.4,
      "cb_threshold": 1.5,
      "elapsed_seconds": 7.162407875061035,
      "overall": {
        "mrr": 0.6713461538461539,
        "ndcg@5": 0.38925074938498305,
        "ndcg@10": 0.3452599779839237,
        "precision@5": 0.3384615384615385,
        "precision@10": 0.2523076923076923,
        "recall@10": 0.1977093326482467,
        "recall@20": 0.2754749451152166
      },
      "by_type": {
        "keyword": {
          "mrr": 0.5189102564102565,
          "ndcg@5": 0.32737657533520426,
          "ndcg@10": 0.30091122780817947,
          "precision@5": 0.3230769230769231,
          "precision@10": 0.25384615384615383,
          "recall@10": 0.20066476258783952,
          "recall@20": 0.28879889341427806
        },
        "natural_language": {
          "mrr": 0.71875,
          "ndcg@5": 0.4133515252620468,
          "ndcg@10": 0.3601326136565219,
          "precision@5": 0.34545454545454546,
          "precision@10": 0.24545454545454548,
          "recall@10": 0.18884349830205444,
          "recall@20": 0.26898338960504736
        },
        "fact_pattern": {
          "mrr": 0.8431372549019608,
          "ndcg@5": 0.4526925997378563,
          "ndcg@10": 0.3938405379705234,