{
  "run_id": "sprint5b_snowflake_sweep",
  "model_dir": "Snowflake/snowflake-arctic-embed-l-v2.0",
  "sem_npy": "/home/nick/Projects/fppc-tuned-embeddings/data/indexes/corpus_embeddings_snowflake-arctic-embed-l-v2.0_qa_text.npy",
  "query_prefix": "query: ",
  "n_queries": 65,
  "trials": [
    {
      "label": "w0.30_cb1.3",
      "w_bm25": 0.7,
      "w_sem": 0.3,
      "cb_threshold": 1.3,
      "elapsed_seconds": 8.553614616394043,
      "overall": {
        "mrr": 0.6727080674478865,
        "ndcg@5": 0.37489212261119853,
        "ndcg@10": 0.3381313367703767,
        "precision@5": 0.32,
        "precision@10": 0.2476923076923077,
        "recall@10": 0.19247623241514644,
        "recall@20": 0.26437737174841247
      },
      "by_type": {
        "keyword": {
          "mrr": 0.5223150404145879,
          "ndcg@5": 0.31408983666893925,
          "ndcg@10": 0.28954980973463706,
          "precision@5": 0.30000000000000004,
          "precision@10": 0.23846153846153847,
          "recall@10": 0.1875080475080475,
          "recall@20": 0.27760619722158186
        },
        "natural_language": {
          "mrr": 0.71875,
          "ndcg@5": 0.41228280922595134,
          "ndcg@10": 0.3639113385677037,
          "precision@5": 0.34545454545454546,
          "precision@10": 0.2545454545454545,
          "recall@10": 0.1945253164838726,
          "recall@20": 0.2696389840106418
        },
        "fact_pattern": {
          "mrr": 0.8431372549019608,
          "ndcg@5": 0.41949590666850334,
          "ndcg@10": 0.3790701404990849,
          "precision@5": 0.31764705882352945,
          "precision@10": 0.2529411764705882,
          "recall@10": 0.1974228770076521,
          "recall@20": 0.23733590515597433
        }
      },
      "by_topic": {
        "conflicts_of_interest": {
          "mrr": 0.3583686569234236,
          "ndcg@5": 0.16765562318843272,
          "ndcg@10": 0.14216353829472525,
          "precision@5": 0.12413793103448276,
          "precision@10": 0.08620689655172414,
          "recall@10": 0.06395561166352241,
          "recall@20": 0.08971702908315485
        },
        "campaign_finance": {
          "mrr": 0.9523809523809524,
          "ndcg@5": 0.5716318670639436,
          "ndcg@10": 0.5207807861999918,
          "precision@5": 0.5,
          "precision@10": 0.39285714285714285,
          "recall@10": 0.3000531214816929,
          "recall@20": 0.43465264893836325
        },
        "gifts_honoraria": {
          "mrr": 1.0,
          "ndcg@5": 0.6151229993359915,
          "ndcg@10": 0.5821386662743516,
          "precision@5": 0.5714285714285714,
          "precision@10": 0.5,
          "recall@10": 0.3730751391465677,
          "recall@20": 0.499095547309833
        },
        "lobbying": {
          "mrr": 0.9,
          "ndcg@5": 0.5560098828799893,
          "ndcg@10": 0.5429191372136161,
          "precision@5": 0.52,
          "precision@10": 0.44000000000000006,
          "recall@10": 0.3502164502164502,
          "recall@20": 0.514025974025974
        },
        "other": {
          "mrr": 0.85,
          "ndcg@5": 0.4417218348616257,
          "ndcg@10": 0.3775296922739028,
          "precision@5": 0.36,
          "precision@10": 0.24,
          "recall@10": 0.20928904428904427,
          "recall@20": 0.24337995337995338
        }
      },
      "path_breakdown": {
        "fusion": 30,
        "bm25_only_noncite": 29,
        "cb_fired": 6
      }
    },
    {
      "label": "w0.40_cb1.3",
      "w_bm25": 0.6,
      "w_sem": 0.4,
      "cb_threshold": 1.3,
      "elapsed_seconds": 8.060199975967407,
      "overall": {
        "mrr": 0.6697960372960373,
        "ndcg@5": 0.37472839628585636,
        "ndcg@10": 0.33640943032681214,
        "precision@5": 0.32,
        "precision@10": 0.2476923076923077,
        "recall@10": 0.1923917015613848,
        "recall@20": 0.2674606132931925
      },
      "by_type": {
        "keyword": {
          "mrr": 0.515034965034965,
          "ndcg@5": 0.3086341717204937,
          "ndcg@10": 0.2844711950040516,
          "precision@5": 0.2923076923076923,
          "precision@10": 0.23846153846153847,
          "recall@10": 0.18729672037364345,
          "recall@20": 0.2812798739721817
        },
        "natural_language": {
          "mrr": 0.71875,
          "ndcg@5": 0.41228280922595134,
          "ndcg@10": 0.3643748413080946,
          "precision@5": 0.34545454545454546,
          "precision@10": 0.2545454545454545,
          "recall@10": 0.1945253164838726,
          "recall@20": 0.2702747119190969
        },
        "fact_pattern": {
          "mrr": 0.8431372549019608,
          "ndcg@5": 0.4272138524045235,
          "ndcg@10": 0.37965384660937446,
          "precision@5": 0.3294117647058824,
          "precision@10": 0.2529411764705882,
          "recall@10": 0.1974228770076521,
          "recall@20": 0.24268349873886202
        }
      },
      "by_topic": {
        "conflicts_of_interest": {
          "mrr": 0.36218652037617555,
          "ndcg@5": 0.1721799362060997,
          "ndcg@10": 0.14415587926079376,
          "precision@5": 0.1310344827586207,
          "precision@10": 0.0896551724137931,
          "recall@10": 0.06709040790176693,
          "recall@20": 0.09441922344052162
        },
        "campaign_finance": {
          "mrr": 0.9523809523809524,
          "ndcg@5": 0.5710637671100448,
          "ndcg@10": 0.517740838921985,
          "precision@5": 0.5,
          "precision@10": 0.39285714285714285,
          "recall@10": 0.3000531214816929,
          "recall@20": 0.4341253984111127
        },
        "gifts_honoraria": {
          "mrr": 1.0,
          "ndcg@5": 0.6050932297362258,
          "ndcg@10": 0.5938329730531515,
          "precision@5": 0.5428571428571429,
          "precision@10": 0.5142857142857143,
          "recall@10": 0.3832792207792208,
          "recall@20": 0.5092996289424861
        },
        "lobbying": {
          "mrr": 0.9,
          "ndcg@5": 0.5530372284139163,
          "ndcg@10": 0.5264996995410334,
          "precision@5": 0.52,
          "precision@10": 0.42000000000000004,
          "recall@10": 0.332034632034632,
          "recall@20": 0.514025974025974
        },
        "other": {
          "mrr": 0.82,
          "ndcg@5": 0.4368396118839982,
          "ndcg@10": 0.36483914186947547,
          "precision@5": 0.36,
          "precision@10": 0.23000000000000004,
          "recall@10": 0.2015967365967366,
          "recall@20": 0.24337995337995338
        }
      },
      "path_breakdown": {
        "fusion": 30,
        "bm25_only_noncite": 29,
        "cb_fired": 6
      }
    },
    {
      "label": "w0.50_cb1.3",
      "w_bm25": 0.5,
      "w_sem": 0.5,
      "cb_threshold": 1.3,
      "elapsed_seconds": 8.426310777664185,
      "overall": {
        "mrr": 0.6702014652014652,
        "ndcg@5": 0.368919492496293,
        "ndcg@10": 0.3359297467797702,
        "precision@5": 0.3138461538461539,
        "precision@10": 0.2507692307692308,
        "recall@10": 0.19500575417543745,
        "recall@20": 0.2731216189541981
      },
      "by_type": {
        "keyword": {
          "mrr": 0.5141254578754579,
          "ndcg@5": 0.2985865970612767,
          "ndcg@10": 0.2768994229887267,
          "precision@5": 0.2846153846153846,
          "precision@10": 0.23076923076923078,
          "recall@10": 0.17984583792276101,
          "recall@20": 0.29489446450984913
        },
        "natural_language": {
          "mrr": 0.71875,
          "ndcg@5": 0.4063189420662994,
          "ndcg@10": 0.36946785883288946,
          "precision@5": 0.33636363636363636,
          "precision@10": 0.2681818181818182,
          "recall@10": 0.2069220106987487,
          "recall@20": 0.26328170492609
        },
        "fact_pattern": {
          "mrr": 0.846078431372549,
          "ndcg@5": 0.4280881625416037,
          "ndcg@10": 0.3828091558032116,
          "precision@5": 0.3294117647058824,
          "precision@10": 0.25882352941176473,