{
  "run_id": "sprint5b_d3_finegrain",
  "model_dir": "/home/nick/Projects/fppc-tuned-embeddings/data/models/s3-d3-mnrl-conclusion-lr1e6",
  "sem_npy": "/home/nick/Projects/fppc-tuned-embeddings/data/indexes/corpus_embeddings_sprint3_s3-d3-mnrl-conclusion-lr1e6_qa_text.npy",
  "query_prefix": "query: ",
  "n_queries": 65,
  "trials": [
    {
      "label": "w0.35_cb1.3",
      "w_bm25": 0.65,
      "w_sem": 0.35,
      "cb_threshold": 1.3,
      "elapsed_seconds": 7.033427715301514,
      "overall": {
        "mrr": 0.6712179487179488,
        "ndcg@5": 0.3818644495198112,
        "ndcg@10": 0.34228478616435176,
        "precision@5": 0.32923076923076927,
        "precision@10": 0.2507692307692308,
        "recall@10": 0.19463091533906013,
        "recall@20": 0.2661191427978758
      },
      "by_type": {
        "keyword": {
          "mrr": 0.5185897435897435,
          "ndcg@5": 0.32557000662099217,
          "ndcg@10": 0.29611279830738985,
          "precision@5": 0.31538461538461543,
          "precision@10": 0.2423076923076923,
          "recall@10": 0.18993617493617493,
          "recall@20": 0.28138908100446564
        },
        "natural_language": {
          "mrr": 0.71875,
          "ndcg@5": 0.4116072059382075,
          "ndcg@10": 0.36423338106285413,
          "precision@5": 0.34545454545454546,
          "precision@10": 0.2545454545454545,
          "recall@10": 0.1945253164838726,
          "recall@20": 0.2598249344238649
        },
        "fact_pattern": {
          "mrr": 0.8431372549019608,
          "ndcg@5": 0.42947120682360973,
          "ndcg@10": 0.3844967036063492,
          "precision@5": 0.3294117647058824,
          "precision@10": 0.25882352941176473,
          "recall@10": 0.20194776388548014,
          "recall@20": 0.25091056578945853
        }
      },
      "by_topic": {
        "conflicts_of_interest": {
          "mrr": 0.3665229885057471,
          "ndcg@5": 0.17269246283818124,
          "ndcg@10": 0.15013662978458966,
          "precision@5": 0.1310344827586207,
          "precision@10": 0.09310344827586207,
          "recall@10": 0.07022520414001145,
          "recall@20": 0.09777345541544324
        },
        "campaign_finance": {
          "mrr": 0.9285714285714286,
          "ndcg@5": 0.58507358418065,
          "ndcg@10": 0.5323702409405024,
          "precision@5": 0.5142857142857143,
          "precision@10": 0.40714285714285714,
          "recall@10": 0.30951588094445237,
          "recall@20": 0.45113616542187973
        },
        "gifts_honoraria": {
          "mrr": 1.0,
          "ndcg@5": 0.6078899646140511,
          "ndcg@10": 0.5799932889740551,
          "precision@5": 0.5714285714285714,
          "precision@10": 0.5,
          "recall@10": 0.3730751391465677,
          "recall@20": 0.460830241187384
        },
        "lobbying": {
          "mrr": 0.9,
          "ndcg@5": 0.5560098828799893,
          "ndcg@10": 0.5285627160320235,
          "precision@5": 0.52,
          "precision@10": 0.42000000000000004,
          "recall@10": 0.332034632034632,
          "recall@20": 0.514025974025974
        },
        "other": {
          "mrr": 0.85,
          "ndcg@5": 0.4586798451253065,
          "ndcg@10": 0.37385988607842263,
          "precision@5": 0.38,
          "precision@10": 0.22999999999999998,
          "recall@10": 0.20095571095571096,
          "recall@20": 0.23504662004662005
        }
      },
      "path_breakdown": {
        "fusion": 30,
        "bm25_only_noncite": 29,
        "cb_fired": 6
      }
    },
    {
      "label": "w0.40_cb1.1",
      "w_bm25": 0.6,
      "w_sem": 0.4,
      "cb_threshold": 1.1,
      "elapsed_seconds": 6.497643232345581,
      "overall": {
        "mrr": 0.6726282051282051,
        "ndcg@5": 0.3858824447266388,
        "ndcg@10": 0.34372215045918947,
        "precision@5": 0.3415384615384615,
        "precision@10": 0.2523076923076923,
        "recall@10": 0.19578232802893436,
        "recall@20": 0.2649579620982336
      },
      "by_type": {
        "keyword": {
          "mrr": 0.5221153846153845,
          "ndcg@5": 0.3329414059423226,
          "ndcg@10": 0.2996698953291792,
          "precision@5": 0.3384615384615385,
          "precision@10": 0.24615384615384617,
          "recall@10": 0.1928147066608605,
          "recall@20": 0.27498962575885655
        },
        "natural_language": {
          "mrr": 0.71875,
          "ndcg@5": 0.4112140931898558,
          "ndcg@10": 0.363653554291354,
          "precision@5": 0.34545454545454546,
          "precision@10": 0.2545454545454545,
          "recall@10": 0.1945253164838726,
          "recall@20": 0.2639571658288236
        },
        "fact_pattern": {
          "mrr": 0.8431372549019608,
          "ndcg@5": 0.4340689589737829,
          "ndcg@10": 0.38530260628699226,
          "precision@5": 0.3411764705882353,
          "precision@10": 0.25882352941176473,
          "recall@10": 0.20194776388548014,
          "recall@20": 0.25091056578945853
        }
      },
      "by_topic": {
        "conflicts_of_interest": {
          "mrr": 0.369683908045977,
          "ndcg@5": 0.18022965459506618,
          "ndcg@10": 0.15350519247257596,
          "precision@5": 0.14482758620689656,
          "precision@10": 0.09655172413793105,
          "recall@10": 0.07309876735840225,
          "recall@20": 0.09501483472578807
        },
        "campaign_finance": {
          "mrr": 0.9285714285714286,
          "ndcg@5": 0.5891417312015381,
          "ndcg@10": 0.5398479516565792,
          "precision@5": 0.5285714285714286,
          "precision@10": 0.42142857142857143,
          "recall@10": 0.3205048919334633,
          "recall@20": 0.4441154084011227
        },
        "gifts_honoraria": {
          "mrr": 1.0,
          "ndcg@5": 0.5898356080785644,
          "ndcg@10": 0.565542753679447,
          "precision@5": 0.5428571428571429,
          "precision@10": 0.4714285714285714,
          "recall@10": 0.3498840445269017,
          "recall@20": 0.45062615955473095
        },
        "lobbying": {
          "mrr": 0.9,
          "ndcg@5": 0.5706167178642598,
          "ndcg@10": 0.5297517980947606,
          "precision@5": 0.56,
          "precision@10": 0.42000000000000004,
          "recall@10": 0.332034632034632,
          "recall@20": 0.5322077922077922
        },
        "other": {
          "mrr": 0.85,
          "ndcg@5": 0.462578184128182,
          "ndcg@10": 0.3724859608720572,
          "precision@5": 0.4,
          "precision@10": 0.23000000000000004,
          "recall@10": 0.20095571095571096,
          "recall@20": 0.24337995337995338
        }
      },
      "path_breakdown": {
        "fusion": 23,
        "bm25_only_noncite": 29,
        "cb_fired": 13
      }
    },
    {
      "label": "w0.40_cb1.2",
      "w_bm25": 0.6,
      "w_sem": 0.4,
      "cb_threshold": 1.2,
      "elapsed_seconds": 6.685011386871338,
      "overall": {
        "mrr": 0.6726282051282051,
        "ndcg@5": 0.38355635301164964,
        "ndcg@10": 0.34341990806096456,
        "precision@5": 0.3353846153846154,
        "precision@10": 0.2523076923076923,
        "recall@10": 0.19578232802893436,
        "recall@20": 0.26479012993040146
      },
      "by_type": {
        "keyword": {
          "mrr": 0.5221153846153845,
          "ndcg@5": 0.3301323992145782,
          "ndcg@10": 0.29944122570172976,
          "precision@5": 0.33076923076923076,
          "precision@10": 0.24615384615384617,
          "recall@10": 0.1928147066608605,
          "recall@20": 0.27457004533927615
        },
        "natural_language": {
          "mrr": 0.71875,
          "ndcg@5": 0.4112140931898558,
          "ndcg@10": 0.363653554291354,
          "precision@5": 0.34545454545454546,
          "precision@10": 0.2545454545454545,
          "recall@10": 0.1945253164838726,
          "recall@20": 0.2639571658288236
        },
        "fact_pattern": {
          "mrr": 0.8431372549019608,
          "ndcg@5": 0.42947120682360973,