{
  "run_id": "sprint5b_snow_cb15",
  "model_dir": "Snowflake/snowflake-arctic-embed-l-v2.0",
  "sem_npy": "/home/nick/Projects/fppc-tuned-embeddings/data/indexes/corpus_embeddings_snowflake-arctic-embed-l-v2.0_qa_text.npy",
  "query_prefix": "query: ",
  "n_queries": 65,
  "trials": [
    {
      "label": "w0.25_cb1.5",
      "w_bm25": 0.75,
      "w_sem": 0.25,
      "cb_threshold": 1.5,
      "elapsed_seconds": 7.2144715785980225,
      "overall": {
        "mrr": 0.6646367521367521,
        "ndcg@5": 0.3785704644984614,
        "ndcg@10": 0.3376962421597032,
        "precision@5": 0.32,
        "precision@10": 0.24461538461538462,
        "recall@10": 0.19104804521772847,
        "recall@20": 0.27005470723344027
      },
      "by_type": {
        "keyword": {
          "mrr": 0.5021367521367521,
          "ndcg@5": 0.30719817475877725,
          "ndcg@10": 0.2878518191334625,
          "precision@5": 0.2846153846153846,
          "precision@10": 0.23846153846153847,
          "recall@10": 0.1875080475080475,
          "recall@20": 0.27667379628918093
        },
        "natural_language": {
          "mrr": 0.71875,
          "ndcg@5": 0.41228280922595134,
          "ndcg@10": 0.36003643980067496,
          "precision@5": 0.34545454545454546,
          "precision@10": 0.25,
          "recall@10": 0.19234000179855795,
          "recall@20": 0.27947290009455783
        },
        "fact_pattern": {
          "mrr": 0.8431372549019608,
          "ndcg@5": 0.44410034386475594,
          "ndcg@10": 0.38501804513504895,
          "precision@5": 0.3411764705882353,
          "precision@10": 0.24705882352941178,
          "recall@10": 0.19479021555146123,
          "recall@20": 0.24774314497497887
        }
      },
      "by_topic": {
        "conflicts_of_interest": {
          "mrr": 0.3575191570881226,
          "ndcg@5": 0.16765562318843272,
          "ndcg@10": 0.1421401156500972,
          "precision@5": 0.12413793103448276,
          "precision@10": 0.08620689655172414,
          "recall@10": 0.06395561166352241,
          "recall@20": 0.08945579606330113
        },
        "campaign_finance": {
          "mrr": 0.9166666666666667,
          "ndcg@5": 0.5597993111298923,
          "ndcg@10": 0.49680892419396316,
          "precision@5": 0.4714285714285715,
          "precision@10": 0.36428571428571427,
          "recall@10": 0.2791365380651095,
          "recall@20": 0.4600647368504512
        },
        "gifts_honoraria": {
          "mrr": 1.0,
          "ndcg@5": 0.6224877634758883,
          "ndcg@10": 0.5871088727368889,
          "precision@5": 0.5714285714285714,
          "precision@10": 0.5,
          "recall@10": 0.3730751391465677,
          "recall@20": 0.4758812615955473
        },
        "lobbying": {
          "mrr": 0.9,
          "ndcg@5": 0.6250581343629775,
          "ndcg@10": 0.5964833778571508,
          "precision@5": 0.6,
          "precision@10": 0.48,
          "recall@10": 0.39021645021645024,
          "recall@20": 0.5340259740259741
        },
        "other": {
          "mrr": 0.85,
          "ndcg@5": 0.44251717479708413,
          "ndcg@10": 0.3780688449368427,
          "precision@5": 0.36,
          "precision@10": 0.24,
          "recall@10": 0.20928904428904427,
          "recall@20": 0.2517132867132867
        }
      },
      "path_breakdown": {
        "fusion": 36,
        "bm25_only_noncite": 29
      }
    },
    {
      "label": "w0.30_cb1.5",
      "w_bm25": 0.7,
      "w_sem": 0.3,
      "cb_threshold": 1.5,
      "elapsed_seconds": 7.05556321144104,
      "overall": {
        "mrr": 0.6727080674478865,
        "ndcg@5": 0.382410779471895,
        "ndcg@10": 0.3405696055982041,
        "precision@5": 0.3261538461538461,
        "precision@10": 0.24615384615384617,
        "recall@10": 0.1928016762021287,
        "recall@20": 0.2684454190856906
      },
      "by_type": {
        "keyword": {
          "mrr": 0.5223150404145879,
          "ndcg@5": 0.31589466400797267,
          "ndcg@10": 0.29092073269442786,
          "precision@5": 0.30000000000000004,
          "precision@10": 0.23846153846153847,
          "recall@10": 0.1875080475080475,
          "recall@20": 0.273760043375428
        },
        "natural_language": {
          "mrr": 0.71875,
          "ndcg@5": 0.41228280922595134,
          "ndcg@10": 0.3584999426321078,
          "precision@5": 0.34545454545454546,
          "precision@10": 0.24545454545454548,
          "recall@10": 0.18884349830205444,
          "recall@20": 0.27816171128336903
        },
        "fact_pattern": {
          "mrr": 0.8431372549019608,
          "ndcg@5": 0.4454833881467619,
          "ndcg@10": 0.3932992103483394,
          "precision@5": 0.3411764705882353,
          "precision@10": 0.25882352941176473,
          "recall@10": 0.2060201620755254,
          "recall@20": 0.24774314497497887
        }
      },
      "by_topic": {
        "conflicts_of_interest": {
          "mrr": 0.3583686569234236,
          "ndcg@5": 0.16765562318843272,
          "ndcg@10": 0.14216353829472525,
          "precision@5": 0.12413793103448276,
          "precision@10": 0.08620689655172414,
          "recall@10": 0.06395561166352241,
          "recall@20": 0.08971702908315485
        },
        "campaign_finance": {
          "mrr": 0.9523809523809524,
          "ndcg@5": 0.5790588359125607,
          "ndcg@10": 0.5079370654339173,
          "precision@5": 0.5,
          "precision@10": 0.36428571428571427,
          "recall@10": 0.2801355390641105,
          "recall@20": 0.4535400115757259
        },
        "gifts_honoraria": {
          "mrr": 1.0,
          "ndcg@5": 0.6224877634758883,
          "ndcg@10": 0.5877433650770152,
          "precision@5": 0.5714285714285714,
          "precision@10": 0.5,
          "recall@10": 0.3730751391465677,
          "recall@20": 0.48480983302411873
        },
        "lobbying": {
          "mrr": 0.9,
          "ndcg@5": 0.6235718071299411,
          "ndcg@10": 0.6034502507294683,
          "precision@5": 0.6,
          "precision@10": 0.5,
          "recall@10": 0.4102164502164502,
          "recall@20": 0.5340259740259741
        },
        "other": {
          "mrr": 0.85,
          "ndcg@5": 0.44125905104518504,
          "ndcg@10": 0.3771708028074945,
          "precision@5": 0.36,
          "precision@10": 0.24,
          "recall@10": 0.20928904428904427,
          "recall@20": 0.24337995337995338
        }
      },
      "path_breakdown": {
        "fusion": 36,
        "bm25_only_noncite": 29
      }
    },
    {
      "label": "w0.35_cb1.5",
      "w_bm25": 0.65,
      "w_sem": 0.35,
      "cb_threshold": 1.5,
      "elapsed_seconds": 6.922004699707031,
      "overall": {
        "mrr": 0.6696220446220447,
        "ndcg@5": 0.38154674811043693,
        "ndcg@10": 0.3400887885943336,
        "precision@5": 0.3261538461538461,
        "precision@10": 0.2476923076923077,
        "recall@10": 0.19367868380990555,
        "recall@20": 0.2656166879877287
      },
      "by_type": {
        "keyword": {
          "mrr": 0.5145999833499834,
          "ndcg@5": 0.30868823646923765,
          "ndcg@10": 0.2875626030708146,
          "precision@5": 0.2923076923076923,
          "precision@10": 0.23846153846153847,
          "recall@10": 0.18729672037364345,
          "recall@20": 0.27205064166602627
        },
        "natural_language": {
          "mrr": 0.71875,
          "ndcg@5": 0.41228280922595134,
          "ndcg@10": 0.3604281084247559,
          "precision@5": 0.34545454545454546,
          "precision@10": 0.25,
          "recall@10": 0.19168440739296352,
          "recall@20": 0.2718242986959564
        },
        "fact_pattern": {
          "mrr": 0.8431372549019608,
          "ndcg@5": 0.45320133388278205,
          "ndcg@10": 0.3941014819674044,
          "precision@5": 0.35294117647058826,
          "precision@10": 0.25882352941176473,
          "recall@10": 0.2060201620755254,