{
  "run_id": "sprint5b_d3_sweep",
  "model_dir": "/home/nick/Projects/fppc-tuned-embeddings/data/models/s3-d3-mnrl-conclusion-lr1e6",
  "sem_npy": "/home/nick/Projects/fppc-tuned-embeddings/data/indexes/corpus_embeddings_sprint3_s3-d3-mnrl-conclusion-lr1e6_qa_text.npy",
  "query_prefix": "query: ",
  "n_queries": 65,
  "trials": [
    {
      "label": "w0.30_cb1.3",
      "w_bm25": 0.7,
      "w_sem": 0.3,
      "cb_threshold": 1.3,
      "elapsed_seconds": 6.9245381355285645,
      "overall": {
        "mrr": 0.6701923076923076,
        "ndcg@5": 0.38081491286986263,
        "ndcg@10": 0.34115270247294804,
        "precision@5": 0.32923076923076927,
        "precision@10": 0.24923076923076923,
        "recall@10": 0.19367759515497074,
        "recall@20": 0.2641051567838898
      },
      "by_type": {
        "keyword": {
          "mrr": 0.516025641025641,
          "ndcg@5": 0.32475476136489784,
          "ndcg@10": 0.2947701079679625,
          "precision@5": 0.31538461538461543,
          "precision@10": 0.23846153846153847,
          "recall@10": 0.1875528744759514,
          "recall@20": 0.2798506194660041
        },
        "natural_language": {
          "mrr": 0.71875,
          "ndcg@5": 0.41053848990211195,
          "ndcg@10": 0.363132071885421,
          "precision@5": 0.34545454545454546,
          "precision@10": 0.2545454545454545,
          "recall@10": 0.1945253164838726,
          "recall@20": 0.25569270301890623
        },
        "fact_pattern": {
          "mrr": 0.8431372549019608,
          "ndcg@5": 0.4280881625416037,
          "ndcg@10": 0.3836468983585492,
          "precision@5": 0.3294117647058824,
          "precision@10": 0.25882352941176473,
          "recall@10": 0.20194776388548014,
          "recall@20": 0.25091056578945853
        }
      },
      "by_topic": {
        "conflicts_of_interest": {
          "mrr": 0.3642241379310345,
          "ndcg@5": 0.17269246283818124,
          "ndcg@10": 0.15007420284177944,
          "precision@5": 0.1310344827586207,
          "precision@10": 0.09310344827586207,
          "recall@10": 0.07022520414001145,
          "recall@20": 0.09352058185222485
        },
        "campaign_finance": {
          "mrr": 0.9285714285714286,
          "ndcg@5": 0.5865660419880513,
          "ndcg@10": 0.5327550950207366,
          "precision@5": 0.5142857142857143,
          "precision@10": 0.40714285714285714,
          "recall@10": 0.3110421324707039,
          "recall@20": 0.44464265892837324
        },
        "gifts_honoraria": {
          "mrr": 1.0,
          "ndcg@5": 0.5857875602845591,
          "ndcg@10": 0.5744164870942416,
          "precision@5": 0.5428571428571429,
          "precision@10": 0.5,
          "recall@10": 0.3730751391465677,
          "recall@20": 0.460830241187384
        },
        "lobbying": {
          "mrr": 0.9,
          "ndcg@5": 0.5560098828799893,
          "ndcg@10": 0.5274859223608656,
          "precision@5": 0.52,
          "precision@10": 0.42000000000000004,
          "recall@10": 0.332034632034632,
          "recall@20": 0.514025974025974
        },
        "other": {
          "mrr": 0.85,
          "ndcg@5": 0.46524009900092356,
          "ndcg@10": 0.37058574265756883,
          "precision@5": 0.4,
          "precision@10": 0.22000000000000003,
          "recall@10": 0.1926223776223776,
          "recall@20": 0.24337995337995338
        }
      },
      "path_breakdown": {
        "fusion": 30,
        "bm25_only_noncite": 29,
        "cb_fired": 6
      }
    },
    {
      "label": "w0.40_cb1.3",
      "w_bm25": 0.6,
      "w_sem": 0.4,
      "cb_threshold": 1.3,
      "elapsed_seconds": 6.633036375045776,
      "overall": {
        "mrr": 0.6726282051282051,
        "ndcg@5": 0.3830495501962616,
        "ndcg@10": 0.34388639501574003,
        "precision@5": 0.3323076923076923,
        "precision@10": 0.25384615384615383,
        "recall@10": 0.19709639857377415,
        "recall@20": 0.27075339743213045
      },
      "by_type": {
        "keyword": {
          "mrr": 0.5221153846153845,
          "ndcg@5": 0.328865392176108,
          "ndcg@10": 0.3006074430886685,
          "precision@5": 0.3230769230769231,
          "precision@10": 0.25,
          "recall@10": 0.19609988302295994,
          "recall@20": 0.2894782140935987
        },
        "natural_language": {
          "mrr": 0.71875,
          "ndcg@5": 0.4112140931898558,
          "ndcg@10": 0.363653554291354,
          "precision@5": 0.34545454545454546,
          "precision@10": 0.2545454545454545,
          "recall@10": 0.1945253164838726,
          "recall@20": 0.2639571658288236
        },
        "fact_pattern": {
          "mrr": 0.8431372549019608,
          "ndcg@5": 0.42947120682360973,
          "ndcg@10": 0.3844967036063492,
          "precision@5": 0.3294117647058824,
          "precision@10": 0.25882352941176473,
          "recall@10": 0.20194776388548014,
          "recall@20": 0.25091056578945853
        }
      },
      "by_topic": {
        "conflicts_of_interest": {
          "mrr": 0.369683908045977,
          "ndcg@5": 0.17753442057599914,
          "ndcg@10": 0.1530327667632335,
          "precision@5": 0.13793103448275862,
          "precision@10": 0.09655172413793105,
          "recall@10": 0.07309876735840225,
          "recall@20": 0.09777345541544324
        },
        "campaign_finance": {
          "mrr": 0.9285714285714286,
          "ndcg@5": 0.5844558355760974,
          "ndcg@10": 0.5363271120901538,
          "precision@5": 0.5142857142857143,
          "precision@10": 0.41428571428571426,
          "recall@10": 0.31501038643895785,
          "recall@20": 0.4615979258836402
        },
        "gifts_honoraria": {
          "mrr": 1.0,
          "ndcg@5": 0.5945013731865566,
          "ndcg@10": 0.5769160973923556,
          "precision@5": 0.5428571428571429,
          "precision@10": 0.5,
          "recall@10": 0.3730751391465677,
          "recall@20": 0.47103432282003715
        },
        "lobbying": {
          "mrr": 0.9,
          "ndcg@5": 0.5560098828799893,
          "ndcg@10": 0.5285627160320235,
          "precision@5": 0.52,
          "precision@10": 0.42000000000000004,
          "recall@10": 0.332034632034632,
          "recall@20": 0.514025974025974
        },
        "other": {
          "mrr": 0.85,
          "ndcg@5": 0.462578184128182,
          "ndcg@10": 0.3724859608720572,
          "precision@5": 0.4,
          "precision@10": 0.23000000000000004,
          "recall@10": 0.20095571095571096,
          "recall@20": 0.24337995337995338
        }
      },
      "path_breakdown": {
        "fusion": 30,
        "bm25_only_noncite": 29,
        "cb_fired": 6
      }
    },
    {
      "label": "w0.50_cb1.3",
      "w_bm25": 0.5,
      "w_sem": 0.5,
      "cb_threshold": 1.3,
      "elapsed_seconds": 6.601012468338013,
      "overall": {
        "mrr": 0.6566025641025641,
        "ndcg@5": 0.37352156453870644,
        "ndcg@10": 0.3369263734687078,
        "precision@5": 0.3261538461538461,
        "precision@10": 0.2523076923076923,
        "recall@10": 0.19580314054974687,
        "recall@20": 0.2683941370344085
      },
      "by_type": {
        "keyword": {
          "mrr": 0.48205128205128206,
          "ndcg@5": 0.30361620720558086,
          "ndcg@10": 0.2885509696350602,
          "precision@5": 0.3076923076923077,
          "precision@10": 0.25384615384615383,
          "recall@10": 0.19876708761324144,
          "recall@20": 0.28709337670876134
        },
        "natural_language": {
          "mrr": 0.71875,
          "ndcg@5": 0.41228280922595134,
          "ndcg@10": 0.35707296510748016,
          "precision@5": 0.34545454545454546,
          "precision@10": 0.24545454545454548,
          "recall@10": 0.18755217598800486,
          "recall@20": 0.2598050679267257
        },
        "fact_pattern": {
          "mrr": 0.8431372549019608,
          "ndcg@5": 0.43027402968822864,