{
  "run_id": "sprint5c_d3_allpath",
  "model_dir": "/home/nick/Projects/fppc-tuned-embeddings/data/models/s3-d3-mnrl-conclusion-lr1e6",
  "sem_npy": "/home/nick/Projects/fppc-tuned-embeddings/data/indexes/corpus_embeddings_sprint3_s3-d3-mnrl-conclusion-lr1e6_qa_text.npy",
  "query_prefix": "query: ",
  "n_queries": 65,
  "trials": [
    {
      "label": "w0.30_cb1.5_allpath",
      "w_bm25": 0.7,
      "w_sem": 0.3,
      "cb_threshold": 1.5,
      "elapsed_seconds": 8.617921829223633,
      "overall": {
        "mrr": 0.6649196956889264,
        "ndcg@5": 0.3897600492635936,
        "ndcg@10": 0.34619131634324485,
        "precision@5": 0.3415384615384615,
        "precision@10": 0.2507692307692308,
        "recall@10": 0.1953242177631318,
        "recall@20": 0.27317207905216956
      },
      "by_type": {
        "keyword": {
          "mrr": 0.516025641025641,
          "ndcg@5": 0.3294888690756518,
          "ndcg@10": 0.2964494352528821,
          "precision@5": 0.3230769230769231,
          "precision@10": 0.23846153846153847,
          "recall@10": 0.1875528744759514,
          "recall@20": 0.27915131876670335
        },
        "natural_language": {
          "mrr": 0.7224025974025974,
          "ndcg@5": 0.41535558712427645,
          "ndcg@10": 0.3658524801104889,
          "precision@5": 0.35454545454545455,
          "precision@10": 0.2545454545454545,
          "recall@10": 0.19404568248151136,
          "recall@20": 0.2770597829087134
        },
        "fact_pattern": {
          "mrr": 0.8182503770739065,
          "ndcg@5": 0.4488158640842678,
          "ndcg@10": 0.39682327548854274,
          "precision@5": 0.35294117647058826,
          "precision@10": 0.2647058823529412,
          "recall@10": 0.20886437668444588,
          "recall@20": 0.2589962133214728
        }
      },
      "by_topic": {
        "conflicts_of_interest": {
          "mrr": 0.35240621447517995,
          "ndcg@5": 0.1687811403129649,
          "ndcg@10": 0.14595318680236566,
          "precision@5": 0.1310344827586207,
          "precision@10": 0.0896551724137931,
          "recall@10": 0.06709040790176693,
          "recall@20": 0.10059948446865283
        },
        "campaign_finance": {
          "mrr": 0.9285714285714286,
          "ndcg@5": 0.5923135999228037,
          "ndcg@10": 0.53099899489389,
          "precision@5": 0.5142857142857143,
          "precision@10": 0.39999999999999997,
          "recall@10": 0.30579291740006026,
          "recall@20": 0.4436124391481534
        },
        "gifts_honoraria": {
          "mrr": 1.0,
          "ndcg@5": 0.6050941709715864,
          "ndcg@10": 0.588821466271353,
          "precision@5": 0.5714285714285714,
          "precision@10": 0.5,
          "recall@10": 0.3730751391465677,
          "recall@20": 0.441782622139765
        },
        "lobbying": {
          "mrr": 0.9,
          "ndcg@5": 0.6527854770984824,
          "ndcg@10": 0.6011759329965924,
          "precision@5": 0.64,
          "precision@10": 0.48,
          "recall@10": 0.3863203463203463,
          "recall@20": 0.5340259740259741
        },
        "other": {
          "mrr": 0.85,
          "ndcg@5": 0.464777315184483,
          "ndcg@10": 0.37081772876454183,
          "precision@5": 0.4,
          "precision@10": 0.22000000000000003,
          "recall@10": 0.1926223776223776,
          "recall@20": 0.28656177156177154
        }
      },
      "path_breakdown": {
        "fusion": 62,
        "cb_fired": 3
      }
    },
    {
      "label": "w0.40_cb1.5_allpath",
      "w_bm25": 0.6,
      "w_sem": 0.4,
      "cb_threshold": 1.5,
      "elapsed_seconds": 8.207238674163818,
      "overall": {
        "mrr": 0.6654584304584304,
        "ndcg@5": 0.3963605304300369,
        "ndcg@10": 0.3525654562791675,
        "precision@5": 0.3507692307692308,
        "precision@10": 0.25999999999999995,
        "recall@10": 0.20214961458852862,
        "recall@20": 0.28805292043301095
      },
      "by_type": {
        "keyword": {
          "mrr": 0.5221153846153845,
          "ndcg@5": 0.33298769993650923,
          "ndcg@10": 0.30181231869673497,
          "precision@5": 0.33076923076923076,
          "precision@10": 0.25,
          "recall@10": 0.19609988302295994,
          "recall@20": 0.288778913394298
        },
        "natural_language": {
          "mrr": 0.7237373737373738,
          "ndcg@5": 0.42463918950762625,
          "ndcg@10": 0.37769588400164217,
          "precision@5": 0.36363636363636365,
          "precision@10": 0.2681818181818182,
          "recall@10": 0.20411061754644644,
          "recall@20": 0.2980677522121372
        },
        "fact_pattern": {
          "mrr": 0.8092691622103387,
          "ndcg@5": 0.4566877712020811,
          "ndcg@10": 0.3976661719996853,
          "precision@5": 0.3647058823529412,
          "precision@10": 0.2647058823529412,
          "recall@10": 0.20886437668444588,
          "recall@20": 0.27398220771923193
        }
      },
      "by_topic": {
        "conflicts_of_interest": {
          "mrr": 0.35361372344130965,
          "ndcg@5": 0.17691438756382968,
          "ndcg@10": 0.14810911845956584,
          "precision@5": 0.14482758620689656,
          "precision@10": 0.09310344827586207,
          "recall@10": 0.06996397112015773,
          "recall@20": 0.10384661090543443
        },
        "campaign_finance": {
          "mrr": 0.9285714285714286,
          "ndcg@5": 0.5902033935108498,
          "ndcg@10": 0.5380200404158735,
          "precision@5": 0.5142857142857143,
          "precision@10": 0.41428571428571426,
          "recall@10": 0.31486321218464075,
          "recall@20": 0.4707717877360734
        },
        "gifts_honoraria": {
          "mrr": 1.0,
          "ndcg@5": 0.6429850199355404,
          "ndcg@10": 0.6057131057137931,
          "precision@5": 0.6,
          "precision@10": 0.5142857142857143,
          "recall@10": 0.38259894867037725,
          "recall@20": 0.46151051329622755
        },
        "lobbying": {
          "mrr": 0.9,
          "ndcg@5": 0.6527854770984824,
          "ndcg@10": 0.6044279647858254,
          "precision@5": 0.64,
          "precision@10": 0.48,
          "recall@10": 0.3863203463203463,
          "recall@20": 0.5683116883116883
        },
        "other": {
          "mrr": 0.85,
          "ndcg@5": 0.46052472044082443,
          "ndcg@10": 0.3827178093070572,
          "precision@5": 0.4,
          "precision@10": 0.24,
          "recall@10": 0.20928904428904427,
          "recall@20": 0.30489510489510485
        }
      },
      "path_breakdown": {
        "fusion": 62,
        "cb_fired": 3
      }
    },
    {
      "label": "w0.50_cb1.5_allpath",
      "w_bm25": 0.5,
      "w_sem": 0.5,
      "cb_threshold": 1.5,
      "elapsed_seconds": 8.071706295013428,
      "overall": {
        "mrr": 0.6507142857142857,
        "ndcg@5": 0.3884131501908367,
        "ndcg@10": 0.3455463552534702,
        "precision@5": 0.3476923076923077,
        "precision@10": 0.25846153846153846,
        "recall@10": 0.20104921925736405,
        "recall@20": 0.2826075794492084
      },
      "by_type": {
        "keyword": {
          "mrr": 0.48205128205128206,
          "ndcg@5": 0.30142394965994923,
          "ndcg@10": 0.2902607066398819,
          "precision@5": 0.3076923076923077,
          "precision@10": 0.2576923076923077,
          "recall@10": 0.20226359110974496,
          "recall@20": 0.28639407600946065
        },
        "natural_language": {
          "mrr": 0.7259740259740259,
          "ndcg@5": 0.43052547045176065,
          "ndcg@10": 0.3654179904587874,
          "precision@5": 0.3727272727272727,
          "precision@10": 0.25,
          "recall@10": 0.1910498147129163,
          "recall@20": 0.28479768894207397
        },
        "fact_pattern": {
          "mrr": 0.8112745098039216,
          "ndcg@5": 0.4669571600768807,
          "ndcg@10": 0.40438464286737125,
          "precision@5": 0.3764705882352941,