{
  "run_id": "sprint4b_d3fppc_sweep",
  "model_dir": "/home/nick/Projects/fppc-tuned-embeddings/data/models/sprint4b_d3fppc",
  "sem_npy": "/home/nick/Projects/fppc-tuned-embeddings/data/indexes/corpus_embeddings_sprint4b_d3fppc_qa_text.npy",
  "query_prefix": "query: ",
  "n_queries": 65,
  "trials": [
    {
      "label": "w0.30_cb1.5",
      "w_bm25": 0.7,
      "w_sem": 0.3,
      "cb_threshold": 1.5,
      "w_sem_by_type": null,
      "semantic_only_path": false,
      "elapsed_seconds": 7.339155435562134,
      "overall": {
        "mrr": 0.65831725807732,
        "ndcg@5": 0.37512789622824755,
        "ndcg@10": 0.33483373793780896,
        "precision@5": 0.3261538461538461,
        "precision@10": 0.24615384615384617,
        "recall@10": 0.19185851679743082,
        "recall@20": 0.2650361659456682
      },
      "by_type": {
        "keyword": {
          "mrr": 0.48633801698817175,
          "ndcg@5": 0.30042044011564595,
          "ndcg@10": 0.2805346212964338,
          "precision@5": 0.2923076923076923,
          "precision@10": 0.23846153846153847,
          "recall@10": 0.18657564657564657,
          "recall@20": 0.28032902994441455
        },
        "natural_language": {
          "mrr": 0.71875,
          "ndcg@5": 0.4059969519116594,
          "ndcg@10": 0.3573476328622382,
          "precision@5": 0.34545454545454546,
          "precision@10": 0.25,
          "recall@10": 0.19234000179855795,
          "recall@20": 0.2690032561021866
        },
        "fact_pattern": {
          "mrr": 0.8431372549019608,
          "ndcg@5": 0.4494381688101639,
          "ndcg@10": 0.3887438170165332,
          "precision@5": 0.35294117647058826,
          "precision@10": 0.2529411764705882,
          "recall@10": 0.1993151024292893,
          "recall@20": 0.23651319845091473
        }
      },
      "by_topic": {
        "conflicts_of_interest": {
          "mrr": 0.35944672787445286,
          "ndcg@5": 0.16827826808200805,
          "ndcg@10": 0.14425689049142834,
          "precision@5": 0.1310344827586207,
          "precision@10": 0.09310344827586207,
          "recall@10": 0.06996397112015773,
          "recall@20": 0.09333249407793018
        },
        "campaign_finance": {
          "mrr": 0.869047619047619,
          "ndcg@5": 0.5549364802478284,
          "ndcg@10": 0.49565173234966714,
          "precision@5": 0.5,
          "precision@10": 0.37857142857142856,
          "recall@10": 0.2901255490541205,
          "recall@20": 0.4475806931164074
        },
        "gifts_honoraria": {
          "mrr": 1.0,
          "ndcg@5": 0.603086202625241,
          "ndcg@10": 0.5813782804862616,
          "precision@5": 0.5428571428571429,
          "precision@10": 0.4857142857142857,
          "recall@10": 0.3600881261595547,
          "recall@20": 0.45139146567717997
        },
        "lobbying": {
          "mrr": 0.9,
          "ndcg@5": 0.6235718071299411,
          "ndcg@10": 0.5852746895749389,
          "precision@5": 0.6,
          "precision@10": 0.48,
          "recall@10": 0.38536796536796536,
          "recall@20": 0.514025974025974
        },
        "other": {
          "mrr": 0.8699999999999999,
          "ndcg@5": 0.4394670302961864,
          "ndcg@10": 0.36455974775322947,
          "precision@5": 0.36,
          "precision@10": 0.22000000000000003,
          "recall@10": 0.19326340326340324,
          "recall@20": 0.2524708624708625
        }
      },
      "path_breakdown": {
        "fusion": 36,
        "bm25_only_noncite": 29
      }
    },
    {
      "label": "w0.35_cb1.5",
      "w_bm25": 0.65,
      "w_sem": 0.35,
      "cb_threshold": 1.5,
      "w_sem_by_type": null,
      "semantic_only_path": false,
      "elapsed_seconds": 7.164499998092651,
      "overall": {
        "mrr": 0.6591430499325236,
        "ndcg@5": 0.3720395881622038,
        "ndcg@10": 0.3343831718966724,
        "precision@5": 0.3230769230769231,
        "precision@10": 0.24615384615384617,
        "recall@10": 0.19152679723494204,
        "recall@20": 0.2649564635967351
      },
      "by_type": {
        "keyword": {
          "mrr": 0.48840249662618085,
          "ndcg@5": 0.2987121150699938,
          "ndcg@10": 0.2838342311100114,
          "precision@5": 0.2923076923076923,
          "precision@10": 0.2423076923076923,
          "recall@10": 0.1892428511659281,
          "recall@20": 0.28199569661108126
        },
        "natural_language": {
          "mrr": 0.71875,
          "ndcg@5": 0.39889133495230084,
          "ndcg@10": 0.35201857184552066,
          "precision@5": 0.33636363636363636,
          "precision@10": 0.24545454545454548,
          "recall@10": 0.18820777039359926,
          "recall@20": 0.26266584351477396
        },
        "fact_pattern": {
          "mrr": 0.8431372549019608,
          "ndcg@5": 0.4494381688101639,
          "ndcg@10": 0.3888710343424678,
          "precision@5": 0.35294117647058826,
          "precision@10": 0.2529411764705882,
          "recall@10": 0.1993151024292893,
          "recall@20": 0.24186079203380242
        }
      },
      "by_topic": {
        "conflicts_of_interest": {
          "mrr": 0.36244706594071385,
          "ndcg@5": 0.16792463969362245,
          "ndcg@10": 0.14379019479797608,
          "precision@5": 0.1310344827586207,
          "precision@10": 0.09310344827586207,
          "recall@10": 0.06996397112015773,
          "recall@20": 0.09195318373310259
        },
        "campaign_finance": {
          "mrr": 0.869047619047619,
          "ndcg@5": 0.5554673114024843,
          "ndcg@10": 0.4957266826514501,
          "precision@5": 0.5,
          "precision@10": 0.37857142857142856,
          "recall@10": 0.2891265480551195,
          "recall@20": 0.4441154084011227
        },
        "gifts_honoraria": {
          "mrr": 1.0,
          "ndcg@5": 0.5979764925219241,
          "ndcg@10": 0.5724292774464773,
          "precision@5": 0.5428571428571429,
          "precision@10": 0.4714285714285714,
          "recall@10": 0.3471011131725418,
          "recall@20": 0.45139146567717997
        },
        "lobbying": {
          "mrr": 0.9,
          "ndcg@5": 0.6235718071299411,
          "ndcg@10": 0.5852746895749389,
          "precision@5": 0.6,
          "precision@10": 0.48,
          "recall@10": 0.38536796536796536,
          "recall@20": 0.514025974025974
        },
        "other": {
          "mrr": 0.8666666666666666,
          "ndcg@5": 0.4232521836490239,
          "ndcg@10": 0.3691438577022059,
          "precision@5": 0.34,
          "precision@10": 0.23000000000000004,
          "recall@10": 0.2015967365967366,
          "recall@20": 0.2608041958041958
        }
      },
      "path_breakdown": {
        "fusion": 36,
        "bm25_only_noncite": 29
      }
    },
    {
      "label": "w0.40_cb1.5",
      "w_bm25": 0.6,
      "w_sem": 0.4,
      "cb_threshold": 1.5,
      "w_sem_by_type": null,
      "semantic_only_path": false,
      "elapsed_seconds": 7.049510717391968,
      "overall": {
        "mrr": 0.6583974358974359,
        "ndcg@5": 0.3680279051819869,
        "ndcg@10": 0.3298923878069746,
        "precision@5": 0.32,
        "precision@10": 0.24307692307692308,
        "recall@10": 0.18886023302991628,
        "recall@20": 0.2576943880654288
      },
      "by_type": {
        "keyword": {
          "mrr": 0.48653846153846153,
          "ndcg@5": 0.2888809692099828,
          "ndcg@10": 0.2774869825301672,
          "precision@5": 0.2846153846153846,
          "precision@10": 0.2423076923076923,
          "recall@10": 0.18903152403152404,
          "recall@20": 0.2761959408113254
        },
        "natural_language": {
          "mrr": 0.71875,
          "ndcg@5": 0.3992291365961727,
          "ndcg@10": 0.3482878201055387,
          "precision@5": 0.33636363636363636,
          "precision@10": 0.2409090909090909,
          "recall@10": 0.18407553898864057,
          "recall@20": 0.25219619952240274
        },