{
  "comparison": [
    {
      "engine_name": "nomic-embed-text-v1.5",
      "overall": {
        "mrr": 0.4725211097811717,
        "ndcg@5": 0.2651777593413535,
        "ndcg@10": 0.23521951436633767,
        "precision@5": 0.25230769230769234,
        "precision@10": 0.17692307692307693,
        "recall@10": 0.1364964128380418,
        "recall@20": 0.1737966254459467
      }
    },
    {
      "engine_name": "bge-large-en-v1.5",
      "overall": {
        "mrr": 0.4947300562685178,
        "ndcg@5": 0.28192613224499197,
        "ndcg@10": 0.25389110989778046,
        "precision@5": 0.25846153846153846,
        "precision@10": 0.19076923076923077,
        "recall@10": 0.14622513509617582,
        "recall@20": 0.19293994366618802
      }
    }
  ]
}