{
  "comparison": [
    {
      "engine_name": "bge-base-en-v1.5",
      "overall": {
        "mrr": 0.478015873015873,
        "ndcg@5": 0.2676178075610371,
        "ndcg@10": 0.2400181833865556,
        "precision@5": 0.24,
        "precision@10": 0.17692307692307693,
        "recall@10": 0.13701062964185134,
        "recall@20": 0.18560654001604227
      }
    }
  ]
}