{
  "comparison": [
    {
      "engine_name": "gte-modernbert-base",
      "overall": {
        "mrr": 0.45984414278531927,
        "ndcg@5": 0.2734168557276757,
        "ndcg@10": 0.23364014944409608,
        "precision@5": 0.25846153846153846,
        "precision@10": 0.17076923076923076,
        "recall@10": 0.13298147503577368,
        "recall@20": 0.18739124023286918
      }
    },
    {
      "engine_name": "qwen3-embed-0.6b",
      "overall": {
        "mrr": 0.4852208902208902,
        "ndcg@5": 0.2658746587321266,
        "ndcg@10": 0.24223527911125073,
        "precision@5": 0.24307692307692308,
        "precision@10": 0.18307692307692308,
        "recall@10": 0.1419796395158386,
        "recall@20": 0.19752804159139
      }
    },
    {
      "engine_name": "snowflake-arctic-embed-l-v2.0",
      "overall": {
        "mrr": 0.5218671926364234,
        "ndcg@5": 0.29585393210243144,
        "ndcg@10": 0.2655765396699043,
        "precision@5": 0.26769230769230773,
        "precision@10": 0.19692307692307692,
        "recall@10": 0.15322703716595118,
        "recall@20": 0.20595223052462872
      }
    }
  ]
}