{
  "run_id": "sprint5c_snow_allpath",
  "model_dir": "Snowflake/snowflake-arctic-embed-l-v2.0",
  "sem_npy": "/home/nick/Projects/fppc-tuned-embeddings/data/indexes/corpus_embeddings_snowflake-arctic-embed-l-v2.0_qa_text.npy",
  "query_prefix": "query: ",
  "n_queries": 65,
  "trials": [
    {
      "label": "w0.30_cb2.0_allpath",
      "w_bm25": 0.7,
      "w_sem": 0.3,
      "cb_threshold": 2.0,
      "elapsed_seconds": 8.595946788787842,
      "overall": {
        "mrr": 0.6590725363123553,
        "ndcg@5": 0.38016880460251207,
        "ndcg@10": 0.342821671500804,
        "precision@5": 0.32923076923076927,
        "precision@10": 0.2523076923076923,
        "recall@10": 0.19732386969491042,
        "recall@20": 0.2764754935863533
      },
      "by_type": {
        "keyword": {
          "mrr": 0.5223150404145879,
          "ndcg@5": 0.31589466400797267,
          "ndcg@10": 0.29092073269442786,
          "precision@5": 0.30000000000000004,
          "precision@10": 0.23846153846153847,
          "recall@10": 0.1875080475080475,
          "recall@20": 0.27725654687193146
        },
        "natural_language": {
          "mrr": 0.6974025974025975,
          "ndcg@5": 0.41033511220475377,
          "ndcg@10": 0.3647366595698753,
          "precision@5": 0.35454545454545455,
          "precision@10": 0.2590909090909091,
          "recall@10": 0.1989577712839745,
          "recall@20": 0.28876777188942965
        },
        "fact_pattern": {
          "mrr": 0.8186274509803921,
          "ndcg@5": 0.43943168037949476,
          "ndcg@10": 0.393839005115287,
          "precision@5": 0.3411764705882353,
          "precision@10": 0.2647058823529412,
          "recall@10": 0.2102218427477943,
          "recall@20": 0.2593732872279585
        }
      },
      "by_topic": {
        "conflicts_of_interest": {
          "mrr": 0.32780625955068143,
          "ndcg@5": 0.15708114082005487,
          "ndcg@10": 0.1356429006817199,
          "precision@5": 0.12413793103448276,
          "precision@10": 0.08620689655172414,
          "recall@10": 0.06382883681565223,
          "recall@20": 0.09679593169958282
        },
        "campaign_finance": {
          "mrr": 0.9523809523809524,
          "ndcg@5": 0.5790588359125607,
          "ndcg@10": 0.5144240159673762,
          "precision@5": 0.5,
          "precision@10": 0.37857142857142856,
          "recall@10": 0.29033962069676356,
          "recall@20": 0.4535400115757259
        },
        "gifts_honoraria": {
          "mrr": 1.0,
          "ndcg@5": 0.6246110880945118,
          "ndcg@10": 0.5915647670929781,
          "precision@5": 0.5714285714285714,
          "precision@10": 0.5,
          "recall@10": 0.3730751391465677,
          "recall@20": 0.4943336425479283
        },
        "lobbying": {
          "mrr": 0.9,
          "ndcg@5": 0.6527854770984824,
          "ndcg@10": 0.6224740563310684,
          "precision@5": 0.64,
          "precision@10": 0.52,
          "recall@10": 0.42450216450216455,
          "recall@20": 0.5340259740259741
        },
        "other": {
          "mrr": 0.85,
          "ndcg@5": 0.44125905104518504,
          "ndcg@10": 0.3894504652932927,
          "precision@5": 0.36,
          "precision@10": 0.25,
          "recall@10": 0.21762237762237763,
          "recall@20": 0.2683799533799534
        }
      },
      "path_breakdown": {
        "fusion": 64,
        "cb_fired": 1
      }
    },
    {
      "label": "w0.40_cb2.0_allpath",
      "w_bm25": 0.6,
      "w_sem": 0.4,
      "cb_threshold": 2.0,
      "elapsed_seconds": 8.302982091903687,
      "overall": {
        "mrr": 0.6586946386946386,
        "ndcg@5": 0.38516609970335214,
        "ndcg@10": 0.34351655777017853,
        "precision@5": 0.3353846153846154,
        "precision@10": 0.2523076923076923,
        "recall@10": 0.1971560397872615,
        "recall@20": 0.28004862985179724
      },
      "by_type": {
        "keyword": {
          "mrr": 0.515034965034965,
          "ndcg@5": 0.31043899905952715,
          "ndcg@10": 0.28732608093045303,
          "precision@5": 0.2923076923076923,
          "precision@10": 0.2423076923076923,
          "recall@10": 0.19079322387014694,
          "recall@20": 0.2770840697763775
        },
        "natural_language": {
          "mrr": 0.696969696969697,
          "ndcg@5": 0.41120727186667344,
          "ndcg@10": 0.36761734366267385,
          "precision@5": 0.35454545454545455,
          "precision@10": 0.2590909090909091,
          "recall@10": 0.19912488358343972,
          "recall@20": 0.29110066626777853
        },
        "fact_pattern": {
          "mrr": 0.8288770053475937,
          "ndcg@5": 0.46575426612372733,
          "ndcg@10": 0.39826568178182364,
          "precision@5": 0.3764705882352941,
          "precision@10": 0.25882352941176473,
          "recall@10": 0.20433948980661784,
          "recall@20": 0.2702800275464635
        }
      },
      "by_topic": {
        "conflicts_of_interest": {
          "mrr": 0.3373040752351097,
          "ndcg@5": 0.16572515259189757,
          "ndcg@10": 0.14091372299857688,
          "precision@5": 0.1310344827586207,
          "precision@10": 0.0896551724137931,
          "recall@10": 0.06807003172621834,
          "recall@20": 0.09704410306844383
        },
        "campaign_finance": {
          "mrr": 0.9523809523809524,
          "ndcg@5": 0.5784907359586617,
          "ndcg@10": 0.5141238144003835,
          "precision@5": 0.5,
          "precision@10": 0.38571428571428573,
          "recall@10": 0.29480390641104925,
          "recall@20": 0.4430539698396841
        },
        "gifts_honoraria": {
          "mrr": 1.0,
          "ndcg@5": 0.645437765470567,
          "ndcg@10": 0.6121638266229904,
          "precision@5": 0.6,
          "precision@10": 0.5142857142857143,
          "recall@10": 0.3832792207792208,
          "recall@20": 0.49977581941867655
        },
        "lobbying": {
          "mrr": 0.9,
          "ndcg@5": 0.6498128226324095,
          "ndcg@10": 0.5985566896425956,
          "precision@5": 0.64,
          "precision@10": 0.48,
          "recall@10": 0.3863203463203463,
          "recall@20": 0.5825974025974026
        },
        "other": {
          "mrr": 0.82,
          "ndcg@5": 0.43637682806755757,
          "ndcg@10": 0.37664146519235964,
          "precision@5": 0.36,
          "precision@10": 0.24,
          "recall@10": 0.2099300699300699,
          "recall@20": 0.2774708624708625
        }
      },
      "path_breakdown": {
        "fusion": 64,
        "cb_fired": 1
      }
    }
  ]
}