{
  "run_id": "sprint4b_mlmonly_sweep",
  "model_dir": "/home/nick/Projects/fppc-tuned-embeddings/data/models/snowflake_fppc_mlm_b",
  "sem_npy": "/home/nick/Projects/fppc-tuned-embeddings/data/indexes/corpus_embeddings_sprint4b_mlmonly_qa_text.npy",
  "query_prefix": "query: ",
  "n_queries": 65,
  "trials": [
    {
      "label": "w0.30_cb1.5",
      "w_bm25": 0.7,
      "w_sem": 0.3,
      "cb_threshold": 1.5,
      "w_sem_by_type": null,
      "semantic_only_path": false,
      "elapsed_seconds": 7.407138109207153,
      "overall": {
        "mrr": 0.6589102564102564,
        "ndcg@5": 0.3686851816624645,
        "ndcg@10": 0.33046782754759624,
        "precision@5": 0.3230769230769231,
        "precision@10": 0.24461538461538462,
        "recall@10": 0.1901940658637491,
        "recall@20": 0.2564800297741474
      },
      "by_type": {
        "keyword": {
          "mrr": 0.4878205128205128,
          "ndcg@5": 0.29406345339697354,
          "ndcg@10": 0.2772469400955806,
          "precision@5": 0.30000000000000004,
          "precision@10": 0.23846153846153847,
          "recall@10": 0.18646575646575647,
          "recall@20": 0.26596531673454754
        },
        "natural_language": {
          "mrr": 0.71875,
          "ndcg@5": 0.40355259141249733,
          "ndcg@10": 0.35465760054134254,
          "precision@5": 0.33636363636363636,
          "precision@10": 0.25,
          "recall@10": 0.19104867948450835,
          "recall@20": 0.27118857078750125
        },
        "fact_pattern": {
          "mrr": 0.8431372549019608,
          "ndcg@5": 0.43769000050964335,
          "ndcg@10": 0.3805600668352427,
          "precision@5": 0.34117647058823536,
          "precision@10": 0.24705882352941178,
          "recall@10": 0.19479021555146123,
          "recall@20": 0.22293853781743056
        }
      },
      "by_topic": {
        "conflicts_of_interest": {
          "mrr": 0.3533045977011494,
          "ndcg@5": 0.17261301371633328,
          "ndcg@10": 0.14408052614636419,
          "precision@5": 0.13793103448275862,
          "precision@10": 0.0896551724137931,
          "recall@10": 0.06533492200835,
          "recall@20": 0.08587167903090824
        },
        "campaign_finance": {
          "mrr": 0.9166666666666667,
          "ndcg@5": 0.5472289771822446,
          "ndcg@10": 0.4995508804222664,
          "precision@5": 0.4714285714285715,
          "precision@10": 0.38571428571428573,
          "recall@10": 0.29153039420896565,
          "recall@20": 0.4225432305789449
        },
        "gifts_honoraria": {
          "mrr": 1.0,
          "ndcg@5": 0.5717097741813539,
          "ndcg@10": 0.53844570472207,
          "precision@5": 0.5142857142857143,
          "precision@10": 0.4428571428571429,
          "recall@10": 0.33480983302411876,
          "recall@20": 0.4411873840445269
        },
        "lobbying": {
          "mrr": 0.9,
          "ndcg@5": 0.6168442796135472,
          "ndcg@10": 0.5739096272104035,
          "precision@5": 0.6,
          "precision@10": 0.45999999999999996,
          "recall@10": 0.37203463203463205,
          "recall@20": 0.514025974025974
        },
        "other": {
          "mrr": 0.825,
          "ndcg@5": 0.42113639123978885,
          "ndcg@10": 0.3669693137330957,
          "precision@5": 0.38,
          "precision@10": 0.25,
          "recall@10": 0.21826340326340327,
          "recall@20": 0.2606876456876457
        }
      },
      "path_breakdown": {
        "fusion": 36,
        "bm25_only_noncite": 29
      }
    },
    {
      "label": "w0.40_cb1.5",
      "w_bm25": 0.6,
      "w_sem": 0.4,
      "cb_threshold": 1.5,
      "w_sem_by_type": null,
      "semantic_only_path": false,
      "elapsed_seconds": 7.1640918254852295,
      "overall": {
        "mrr": 0.6634615384615384,
        "ndcg@5": 0.3649160558409755,
        "ndcg@10": 0.3286834326105038,
        "precision@5": 0.3169230769230769,
        "precision@10": 0.24615384615384617,
        "recall@10": 0.1909724541421374,
        "recall@20": 0.26578988658400426
      },
      "by_type": {
        "keyword": {
          "mrr": 0.49919871794871795,
          "ndcg@5": 0.2917810291974991,
          "ndcg@10": 0.2738786868025624,
          "precision@5": 0.2846153846153846,
          "precision@10": 0.23461538461538461,
          "recall@10": 0.18304930112622422,
          "recall@20": 0.2754590281513358
        },
        "natural_language": {
          "mrr": 0.71875,
          "ndcg@5": 0.4014965289209641,
          "ndcg@10": 0.3540778613757875,
          "precision@5": 0.34545454545454546,
          "precision@10": 0.2590909090909091,
          "recall@10": 0.19738609207192095,
          "recall@20": 0.28229394268832775
        },
        "fact_pattern": {
          "mrr": 0.8431372549019608,
          "ndcg@5": 0.4294301902510128,
          "ndcg@10": 0.3796390772087529,
          "precision@5": 0.3294117647058824,
          "precision@10": 0.24705882352941178,
          "recall@10": 0.19479021555146123,
          "recall@20": 0.22964359746366667
        }
      },
      "by_topic": {
        "conflicts_of_interest": {
          "mrr": 0.3577586206896552,
          "ndcg@5": 0.17097426036735847,
          "ndcg@10": 0.14280967074024414,
          "precision@5": 0.13793103448275862,
          "precision@10": 0.0896551724137931,
          "recall@10": 0.06533492200835,
          "recall@20": 0.09214127150739727
        },
        "campaign_finance": {
          "mrr": 0.9285714285714286,
          "ndcg@5": 0.5518962841775917,
          "ndcg@10": 0.4993631143338217,
          "precision@5": 0.4714285714285715,
          "precision@10": 0.39285714285714285,
          "recall@10": 0.29599467992325135,
          "recall@20": 0.44648803577375007
        },
        "gifts_honoraria": {
          "mrr": 1.0,
          "ndcg@5": 0.5567789150388301,
          "ndcg@10": 0.5366981248205621,
          "precision@5": 0.5142857142857143,
          "precision@10": 0.4571428571428572,
          "recall@10": 0.34501391465677184,
          "recall@20": 0.45139146567717997
        },
        "lobbying": {
          "mrr": 0.9,
          "ndcg@5": 0.587274597501167,
          "ndcg@10": 0.5710144902762619,
          "precision@5": 0.56,
          "precision@10": 0.45999999999999996,
          "recall@10": 0.37203463203463205,
          "recall@20": 0.5340259740259741
        },
        "other": {
          "mrr": 0.825,
          "ndcg@5": 0.4200916707746079,
          "ndcg@10": 0.3619899742416918,
          "precision@5": 0.36,
          "precision@10": 0.24,
          "recall@10": 0.20993006993006996,
          "recall@20": 0.2523543123543123
        }
      },
      "path_breakdown": {
        "fusion": 36,
        "bm25_only_noncite": 29
      }
    }
  ]
}